full_name,stars,watchers,forks,stars_delta,watchers_delta,forks_delta,url
anthropics/claude-code,82218,82218,6874,81,81,15,https://github.com/anthropics/claude-code
affaan-m/everything-claude-code,105049,105049,13660,652,652,80,https://github.com/affaan-m/everything-claude-code
shareAI-lab/learn-claude-code,38036,38036,6000,122,122,10,https://github.com/shareAI-lab/learn-claude-code
musistudio/claude-code-router,30339,30339,2344,8,8,3,https://github.com/musistudio/claude-code-router
hesreallyhim/awesome-claude-code,31889,31889,2219,230,230,18,https://github.com/hesreallyhim/awesome-claude-code
davila7/claude-code-templates,23519,23519,2263,15,15,1,https://github.com/davila7/claude-code-templates
shanraisshan/claude-code-best-practice,21612,21612,1884,104,104,11,https://github.com/shanraisshan/claude-code-best-practice
anthropics/claude-code-action,6550,6550,1590,10,10,0,https://github.com/anthropics/claude-code-action
VoltAgent/awesome-claude-code-subagents,15056,15056,1683,41,41,2,https://github.com/VoltAgent/awesome-claude-code-subagents
diet103/claude-code-infrastructure-showcase,9329,9329,1195,0,0,0,https://github.com/diet103/claude-code-infrastructure-showcase
frankbria/ralph-claude-code,8153,8153,593,8,8,-1,https://github.com/frankbria/ralph-claude-code
Piebald-AI/claude-code-system-prompts,6549,6549,892,45,45,5,https://github.com/Piebald-AI/claude-code-system-prompts
ChrisWiles/claude-code-showcase,5575,5575,489,3,3,0,https://github.com/ChrisWiles/claude-code-showcase
ykdojo/claude-code-tips,6668,6668,455,17,17,0,https://github.com/ykdojo/claude-code-tips
OneRedOak/claude-code-workflows,3740,3740,550,0,0,0,https://github.com/OneRedOak/claude-code-workflows
pedrohcgs/claude-code-my-workflow,754,754,1393,1,1,6,https://github.com/pedrohcgs/claude-code-my-workflow
1rgs/claude-code-proxy,3295,3295,430,1,1,0,https://github.com/1rgs/claude-code-proxy
disler/claude-code-hooks-mastery,3397,3397,585,2,2,-1,https://github.com/disler/claude-code-hooks-mastery
Donchitos/Claude-Code-Game-Studios,4017,4017,537,126,126,18,https://github.com/Donchitos/Claude-Code-Game-Studios
kodu-ai/claude-coder,5288,5288,197,0,0,0,https://github.com/kodu-ai/claude-coder
zebbern/claude-code-guide,3716,3716,343,2,2,0,https://github.com/zebbern/claude-code-guide
qwibitai/nanoclaw,25310,25310,8501,36,36,91,https://github.com/qwibitai/nanoclaw
Maciek-roboblog/Claude-Code-Usage-Monitor,7117,7117,346,10,10,0,https://github.com/Maciek-roboblog/Claude-Code-Usage-Monitor
Yuyz0112/claude-code-reverse,2240,2240,371,1,1,0,https://github.com/Yuyz0112/claude-code-reverse
anthropics/skills,102028,102028,11194,188,188,30,https://github.com/anthropics/skills
fuergaosi233/claude-code-proxy,2226,2226,314,1,1,0,https://github.com/fuergaosi233/claude-code-proxy
anthropics/claude-code-security-review,3979,3979,338,3,3,3,https://github.com/anthropics/claude-code-security-review
RichardAtCT/claude-code-telegram,2242,2242,289,5,5,0,https://github.com/RichardAtCT/claude-code-telegram
Cranot/claude-code-guide,2517,2517,263,2,2,0,https://github.com/Cranot/claude-code-guide
ding113/claude-code-hub,2083,2083,242,3,3,0,https://github.com/ding113/claude-code-hub
anthropics/claude-code-base-action,621,621,589,0,0,0,https://github.com/anthropics/claude-code-base-action
edmund-io/edmunds-claude-code,1352,1352,278,0,0,0,https://github.com/edmund-io/edmunds-claude-code
FlorianBruniaux/claude-code-ultimate-guide,2202,2202,329,13,13,0,https://github.com/FlorianBruniaux/claude-code-ultimate-guide
https-deeplearning-ai/sc-claude-code-files,463,463,625,0,0,0,https://github.com/https-deeplearning-ai/sc-claude-code-files
router-for-me/CLIProxyAPI,19816,19816,3210,46,46,14,https://github.com/router-for-me/CLIProxyAPI
Pimzino/claude-code-spec-workflow,3579,3579,251,1,1,0,https://github.com/Pimzino/claude-code-spec-workflow
wshobson/agents,32192,32192,3513,17,17,1,https://github.com/wshobson/agents
obra/superpowers,110562,110562,8868,436,436,35,https://github.com/obra/superpowers
snarktank/ralph,13687,13687,1409,9,9,0,https://github.com/snarktank/ralph
sickn33/antigravity-awesome-skills,27137,27137,4588,61,61,6,https://github.com/sickn33/antigravity-awesome-skills
zhukunpenglinyutong/idea-claude-code-gui,2122,2122,240,3,3,1,https://github.com/zhukunpenglinyutong/idea-claude-code-gui
feiskyer/claude-code-settings,1360,1360,202,0,0,-1,https://github.com/feiskyer/claude-code-settings
eyaltoledano/claude-task-master,26151,26151,2453,4,4,-1,https://github.com/eyaltoledano/claude-task-master
sugyan/claude-code-webui,980,980,225,1,1,0,https://github.com/sugyan/claude-code-webui
siteboon/claudecodeui,8880,8880,1134,14,14,2,https://github.com/siteboon/claudecodeui
carlvellotti/claude-code-pm-course,1667,1667,252,2,2,1,https://github.com/carlvellotti/claude-code-pm-course
centminmod/my-claude-code-setup,2101,2101,209,0,0,-1,https://github.com/centminmod/my-claude-code-setup
bfly123/claude_code_bridge,1843,1843,166,4,4,0,https://github.com/bfly123/claude_code_bridge
wanshuiyin/Auto-claude-code-research-in-sleep,3801,3801,308,25,25,1,https://github.com/wanshuiyin/Auto-claude-code-research-in-sleep
lst97/claude-code-sub-agents,1489,1489,235,0,0,0,https://github.com/lst97/claude-code-sub-agents
ghuntley/claude-code-source-code-deobfuscation,869,869,422,-1,-1,0,https://github.com/ghuntley/claude-code-source-code-deobfuscation
darcyegb/ClaudeCodeAgents,619,619,55,2,2,1,https://github.com/darcyegb/ClaudeCodeAgents
anthropics/claude-plugins-official,14502,14502,1512,39,39,10,https://github.com/anthropics/claude-plugins-official
nishimoto265/Claude-Code-Communication,495,495,237,0,0,0,https://github.com/nishimoto265/Claude-Code-Communication
slopus/happy,16123,16123,1280,14,14,0,https://github.com/slopus/happy
rizethereum/claude-code-requirements-builder,1760,1760,173,0,0,0,https://github.com/rizethereum/claude-code-requirements-builder
catlog22/Claude-Code-Workflow,1577,1577,130,3,3,0,https://github.com/catlog22/Claude-Code-Workflow
trailofbits/claude-code-config,1665,1665,129,1,1,-1,https://github.com/trailofbits/claude-code-config
farion1231/cc-switch,32900,32900,1976,59,59,2,https://github.com/farion1231/cc-switch
Njengah/claude-code-cheat-sheet,1475,1475,185,3,3,0,https://github.com/Njengah/claude-code-cheat-sheet
alirezarezvani/claude-skills,6766,6766,803,54,54,8,https://github.com/alirezarezvani/claude-skills
steipete/claude-code-mcp,1197,1197,148,1,1,1,https://github.com/steipete/claude-code-mcp
KimYx0207/Claude-Code-x-OpenClaw-Guide-Zh,2327,2327,387,2,2,1,https://github.com/KimYx0207/Claude-Code-x-OpenClaw-Guide-Zh
andrepimenta/claude-code-chat,1006,1006,156,0,0,0,https://github.com/andrepimenta/claude-code-chat
Alishahryar1/free-claude-code,1122,1122,138,3,3,0,https://github.com/Alishahryar1/free-claude-code
jeremylongshore/claude-code-plugins-plus-skills,1708,1708,216,3,3,1,https://github.com/jeremylongshore/claude-code-plugins-plus-skills
disler/claude-code-hooks-multi-agent-observability,1297,1297,357,1,1,-1,https://github.com/disler/claude-code-hooks-multi-agent-observability
rohitg00/awesome-claude-code-toolkit,897,897,205,2,2,3,https://github.com/rohitg00/awesome-claude-code-toolkit
JessyTsui/Claude-Code-Remote,1187,1187,129,0,0,0,https://github.com/JessyTsui/Claude-Code-Remote
simonw/claude-code-transcripts,1162,1162,136,2,2,1,https://github.com/simonw/claude-code-transcripts
0xfurai/claude-code-subagents,794,794,143,1,1,0,https://github.com/0xfurai/claude-code-subagents
jarrodwatts/claude-code-config,997,997,125,1,1,0,https://github.com/jarrodwatts/claude-code-config
pchalasani/claude-code-tools,1614,1614,104,1,1,0,https://github.com/pchalasani/claude-code-tools
ComposioHQ/awesome-claude-skills,47580,47580,4895,72,72,10,https://github.com/ComposioHQ/awesome-claude-skills
peterkrueck/Claude-Code-Development-Kit,1331,1331,151,0,0,0,https://github.com/peterkrueck/Claude-Code-Development-Kit
d-kimuson/claude-code-viewer,1000,1000,117,1,1,0,https://github.com/d-kimuson/claude-code-viewer
alirezarezvani/claude-code-tresor,638,638,142,0,0,0,https://github.com/alirezarezvani/claude-code-tresor
winfunc/opcode,21087,21087,1620,5,5,0,https://github.com/winfunc/opcode
wasabeef/claude-code-cookbook,1046,1046,111,0,0,0,https://github.com/wasabeef/claude-code-cookbook
anthropics/claude-agent-sdk-demos,1828,1828,281,3,3,0,https://github.com/anthropics/claude-agent-sdk-demos
revfactory/claude-code-mastering,764,764,124,0,0,0,https://github.com/revfactory/claude-code-mastering
jarrodwatts/claude-hud,12693,12693,524,123,123,3,https://github.com/jarrodwatts/claude-hud
timothywarner-org/claude-code,204,204,31,1,1,1,https://github.com/timothywarner-org/claude-code
cixingguangming55555/wechat-bot,2532,2532,663,0,0,0,https://github.com/cixingguangming55555/wechat-bot
Yeachan-Heo/oh-my-claudecode,11253,11253,770,25,25,1,https://github.com/Yeachan-Heo/oh-my-claudecode
severity1/claude-code-prompt-improver,1305,1305,112,1,1,0,https://github.com/severity1/claude-code-prompt-improver
daymade/claude-code-skills,719,719,111,1,1,0,https://github.com/daymade/claude-code-skills
code-yeongyu/oh-my-openagent,43152,43152,3199,58,58,4,https://github.com/code-yeongyu/oh-my-openagent
ericbuess/claude-code-docs,752,752,104,1,1,0,https://github.com/ericbuess/claude-code-docs
ccplugins/awesome-claude-code-plugins,647,647,153,0,0,1,https://github.com/ccplugins/awesome-claude-code-plugins
bytedance/deer-flow,43461,43461,5109,720,720,97,https://github.com/bytedance/deer-flow
opactorai/Claudable,3829,3829,575,3829,3829,575,https://github.com/opactorai/Claudable
anthropics/claude-agent-sdk-python,5714,5714,767,3,3,1,https://github.com/anthropics/claude-agent-sdk-python
numman-ali/openskills,9214,9214,588,7,7,1,https://github.com/numman-ali/openskills
disler/pi-vs-claude-code,546,546,158,3,3,1,https://github.com/disler/pi-vs-claude-code
MadAppGang/claude-code,246,246,26,0,0,0,https://github.com/MadAppGang/claude-code
PleasePrompto/notebooklm-skill,4989,4989,521,4989,4989,521,https://github.com/PleasePrompto/notebooklm-skill
greggh/claude-code.nvim,1950,1950,63,0,0,0,https://github.com/greggh/claude-code.nvim
anomalyco/opencode,129658,129658,13736,131,131,29,https://github.com/anomalyco/opencode
lyconear/Claude-Code,4,4,149,0,0,0,https://github.com/lyconear/Claude-Code
